LAND_USE,UNIT,CURRENT_LAND_USE_CLASS,AREA
BC,TR-327,Street,2356
BC,TR-327,Courtyard,378
BC,TR-327,Forest,9784
BC,TR-327,Schrubs,1908
BC,TR-327,Field,8435
BC,TR-327,Park,6660
BC,TR-327,Path,690
BC,TR-327,Building,707
BC,TR-327,Grass,11085
BC,VI-415,Street,625
BC,VI-415,Courtyard,557
BC,VI-415,Schrubs,485
BC,VI-415,Facility,34
BC,VI-415,Park,2794
BC,VI-415,Path,23
BC,VI-415,Building,2514
BC,VI-415,Grass,5061
BC,VI-415,Water,1423
CDd,VI-128,Street,1261
CDd,VI-128,Courtyard,305
CDd,VI-128,Path,5
CDd,VI-128,Building,1567
CDd,VI-128,Grass,37
CDd,VI-331,Street,4
CDd,VI-331,Courtyard,37
CDd,VI-331,Building,317
CDd,VI-331,Grass,516
CDd,VI-623,Street,63
CDd,VI-623,Courtyard,907
CDd,VI-623,Field,1
CDd,VI-623,Facility,3
CDd,VI-623,Path,2
CDd,VI-623,Orchard,16
CDd,VI-623,Building,918
CDd,VI-623,Grass,162
CDd,VI-634,Street,23
CDd,VI-634,Courtyard,1229
CDd,VI-634,Path,9
CDd,VI-634,Building,1138
CDd,VI-634,Grass,60
CDi,RD-226,Street,2419
CDi,RD-226,Courtyard,1731
CDi,RD-226,Forest,486
CDi,RD-226,Field,0
CDi,RD-226,Path,447
CDi,RD-226,Building,3953
CDi,RD-226,Grass,14336
CDi,TR-447,Street,654
CDi,TR-447,Courtyard,668
CDi,TR-447,Field,1
CDi,TR-447,Path,3
CDi,TR-447,Orchard,10
CDi,TR-447,Building,2101
CDi,TR-447,Grass,1234
CDi,TR-527,Street,629
CDi,TR-527,Courtyard,2706
CDi,TR-527,Facility,7
CDi,TR-527,Park,663
CDi,TR-527,Path,415
CDi,TR-527,Building,2132
CDi,TR-527,Grass,13409
CDi,VI-285,Street,2756
CDi,VI-285,Courtyard,1862
CDi,VI-285,Schrubs,0
CDi,VI-285,Field,108
CDi,VI-285,Orchard,1
CDi,VI-285,Building,3523
CDi,VI-285,Grass,3108
CDi,VI-287,Street,356
CDi,VI-287,Courtyard,8813
CDi,VI-287,Schrubs,310
CDi,VI-287,Field,141
CDi,VI-287,Facility,25
CDi,VI-287,Park,3648
CDi,VI-287,Path,186
CDi,VI-287,Building,10805
CDi,VI-287,Grass,2557
CDi,VI-288,Street,1409
CDi,VI-288,Courtyard,1688
CDi,VI-288,Path,30
CDi,VI-288,Building,4044
CDi,VI-288,Grass,1230
CDi,VI-292,Street,145
CDi,VI-292,Courtyard,4101
CDi,VI-292,Path,0
CDi,VI-292,Orchard,2
CDi,VI-292,Building,2163
CDi,VI-292,Grass,1045
CDi,VI-316,Street,164
CDi,VI-316,Courtyard,1694
CDi,VI-316,Field,495
CDi,VI-316,Facility,24
CDi,VI-316,Path,28
CDi,VI-316,Orchard,925
CDi,VI-316,Building,1701
CDi,VI-316,Grass,2281
CDi,VI-332,Street,994
CDi,VI-332,Courtyard,1179
CDi,VI-332,Facility,0
CDi,VI-332,Path,63
CDi,VI-332,Building,3678
CDi,VI-332,Grass,748
CDi,VI-378,Street,3930
CDi,VI-378,Courtyard,7149
CDi,VI-378,Field,951
CDi,VI-378,Facility,118
CDi,VI-378,Path,225
CDi,VI-378,Orchard,1184
CDi,VI-378,Building,12691
CDi,VI-378,Grass,6918
CDi,VI-382,Street,685
CDi,VI-382,Courtyard,9303
CDi,VI-382,Schrubs,2162
CDi,VI-382,Field,3747
CDi,VI-382,Facility,4
CDi,VI-382,Path,112
CDi,VI-382,Orchard,646
CDi,VI-382,Building,4640
CDi,VI-382,Grass,6550
CDi,VI-461,Street,2575
CDi,VI-461,Courtyard,11
CDi,VI-461,Field,17
CDi,VI-461,Facility,1
CDi,VI-461,Path,471
CDi,VI-461,Orchard,12
CDi,VI-461,Building,2711
CDi,VI-461,Grass,1948
CDi,VI-461,Water,0
CDj,VI-655,Street,1512
CDj,VI-655,Courtyard,1276
CDj,VI-655,Facility,9
CDj,VI-655,Path,6
CDj,VI-655,Building,5042
CDj,VI-655,Grass,257
CDk,VI-310,Street,30
CDk,VI-310,Courtyard,1148
CDk,VI-310,Facility,15
CDk,VI-310,Building,961
CDk,VI-310,Grass,191
CDo,RD-253,Street,35
CDo,RD-253,Courtyard,376
CDo,RD-253,Facility,15
CDo,RD-253,Park,329
CDo,RD-253,Path,268
CDo,RD-253,Building,503
CDo,RD-253,Grass,841
CDo,TR-312,Street,254
CDo,TR-312,Courtyard,2150
CDo,TR-312,Schrubs,21
CDo,TR-312,Sink,9
CDo,TR-312,Field,1073
CDo,TR-312,Park,3472
CDo,TR-312,Path,98
CDo,TR-312,Orchard,419
CDo,TR-312,Building,4638
CDo,TR-312,Grass,3161
CDo,TR-330,Street,510
CDo,TR-330,Courtyard,3098
CDo,TR-330,Field,14
CDo,TR-330,Facility,59
CDo,TR-330,Park,2176
CDo,TR-330,Path,38
CDo,TR-330,Orchard,7
CDo,TR-330,Building,4521
CDo,TR-330,Grass,5614
CDo,VI-308,Street,62
CDo,VI-308,Courtyard,1599
CDo,VI-308,Field,493
CDo,VI-308,Park,1931
CDo,VI-308,Building,1130
CDo,VI-308,Grass,2029
CDo,VI-315,Street,355
CDo,VI-315,Courtyard,749
CDo,VI-315,Field,257
CDo,VI-315,Facility,10
CDo,VI-315,Path,49
CDo,VI-315,Building,1448
CDo,VI-315,Grass,3518
CDo,VI-320,Courtyard,857
CDo,VI-320,Path,13
CDo,VI-320,Building,564
CDo,VI-320,Grass,368
CDz,VI-329,Street,363
CDz,VI-329,Courtyard,1960
CDz,VI-329,Facility,83
CDz,VI-329,Park,389
CDz,VI-329,Building,1901
CDz,VI-329,Grass,3200
CDz,VI-358,Street,1280
CDz,VI-358,Courtyard,698
CDz,VI-358,Path,406
CDz,VI-358,Building,2088
CDz,VI-358,Grass,1803
CU,RD-27,Street,1523
CU,RD-27,Courtyard,111
CU,RD-27,Field,900
CU,RD-27,Building,1862
CU,RD-27,Grass,915
CU,TR-523,Street,576
CU,TR-523,Courtyard,222
CU,TR-523,Park,10
CU,TR-523,Building,2562
CU,TR-523,Grass,757
CU,VI-151,Street,3902
CU,VI-151,Courtyard,23735
CU,VI-151,Field,201
CU,VI-151,Facility,239
CU,VI-151,Path,103
CU,VI-151,Orchard,86
CU,VI-151,Building,31645
CU,VI-151,Grass,3592
CU,VI-277,Street,17
CU,VI-277,Courtyard,1079
CU,VI-277,Field,690
CU,VI-277,Facility,27
CU,VI-277,Path,164
CU,VI-277,Building,1188
CU,VI-277,Grass,813
CU,VI-280,Street,283
CU,VI-280,Courtyard,1288
CU,VI-280,Field,202
CU,VI-280,Facility,27
CU,VI-280,Path,12
CU,VI-280,Building,1547
CU,VI-280,Grass,1090
CU,VI-337,Street,245
CU,VI-337,Courtyard,58
CU,VI-337,Facility,1
CU,VI-337,Building,540
CU,VI-337,Grass,152
CU,VI-349,Street,3031
CU,VI-349,Courtyard,3019
CU,VI-349,Field,798
CU,VI-349,Facility,86
CU,VI-349,Path,12
CU,VI-349,Orchard,2028
CU,VI-349,Building,2233
CU,VI-349,Grass,2022
CU,VI-349,Water,31
CU,VI-350,Street,1839
CU,VI-350,Courtyard,8676
CU,VI-350,Field,468
CU,VI-350,Facility,37
CU,VI-350,Path,54
CU,VI-350,Orchard,271
CU,VI-350,Building,17610
CU,VI-350,Grass,1223
CU,VI-626,Street,108
CU,VI-626,Courtyard,1242
CU,VI-626,Field,1219
CU,VI-626,Facility,37
CU,VI-626,Orchard,1319
CU,VI-626,Building,2173
CU,VI-626,Grass,47
CU,VI-647,Street,170
CU,VI-647,Courtyard,2014
CU,VI-647,Field,920
CU,VI-647,Facility,14
CU,VI-647,Orchard,236
CU,VI-647,Building,1761
CU,VI-647,Grass,1320
CU,VI-656,Street,384
CU,VI-656,Courtyard,1292
CU,VI-656,Field,149
CU,VI-656,Facility,5
CU,VI-656,Building,1849
CU,VI-656,Grass,2596
CU,VI-742,Street,76
CU,VI-742,Courtyard,265
CU,VI-742,Sink,6
CU,VI-742,Facility,5
CU,VI-742,Building,193
CU,VI-742,Grass,898
IK,RD-323,Street,2
IK,RD-323,Courtyard,1319
IK,RD-323,Forest,129
IK,RD-323,Sink,3
IK,RD-323,Field,3527
IK,RD-323,Facility,235
IK,RD-323,Building,562
IK,RD-323,Grass,6619
PC,MS-210,Street,1179
PC,MS-210,Courtyard,448
PC,MS-210,Building,6845
PC,MS-210,Grass,2773
PC,MS-51,Street,888
PC,MS-51,Courtyard,356
PC,MS-51,Facility,0
PC,MS-51,Path,1
PC,MS-51,Building,3257
PC,MS-51,Grass,277
PC,RD-197,Street,628
PC,RD-197,Courtyard,6
PC,RD-197,Building,1709
PC,RD-197,Grass,61
PC,RD-254,Street,6485
PC,RD-254,Courtyard,106
PC,RD-254,Field,10
PC,RD-254,Park,5
PC,RD-254,Path,2
PC,RD-254,Orchard,13
PC,RD-254,Building,13332
PC,RD-254,Grass,1811
PC,RD-347,Street,1173
PC,RD-347,Courtyard,102
PC,RD-347,Field,7
PC,RD-347,Building,2097
PC,RD-347,Grass,899
PC,RD-348,Street,508
PC,RD-348,Courtyard,368
PC,RD-348,Forest,1934
PC,RD-348,Sink,47
PC,RD-348,Field,111
PC,RD-348,Facility,181
PC,RD-348,Building,1558
PC,RD-348,Grass,5027
PC,RD-364,Street,6338
PC,RD-364,Courtyard,30
PC,RD-364,Forest,56
PC,RD-364,Path,386
PC,RD-364,Orchard,33
PC,RD-364,Building,11914
PC,RD-364,Grass,3329
PC,RD-474,Street,421
PC,RD-474,Courtyard,120
PC,RD-474,Field,33
PC,RD-474,Building,887
PC,RD-474,Grass,243
PC,TR-236,Street,1463
PC,TR-236,Courtyard,8
PC,TR-236,Field,1
PC,TR-236,Orchard,12
PC,TR-236,Building,2322
PC,TR-236,Grass,20
PC,TR-266,Street,4793
PC,TR-266,Courtyard,570
PC,TR-266,Sink,0
PC,TR-266,Field,26
PC,TR-266,Park,50
PC,TR-266,Orchard,42
PC,TR-266,Building,9688
PC,TR-266,Grass,604
PC,TR-331,Street,5881
PC,TR-331,Courtyard,1604
PC,TR-331,Forest,1214
PC,TR-331,Schrubs,69
PC,TR-331,Field,751
PC,TR-331,Facility,23
PC,TR-331,Path,72
PC,TR-331,Orchard,166
PC,TR-331,Building,10869
PC,TR-331,Grass,7977
PC,TR-416,Street,27414
PC,TR-416,Courtyard,2492
PC,TR-416,Forest,10421
PC,TR-416,Schrubs,2715
PC,TR-416,Field,2417
PC,TR-416,Facility,154
PC,TR-416,Park,234
PC,TR-416,Path,3449
PC,TR-416,Orchard,721
PC,TR-416,Building,32297
PC,TR-416,Grass,21661
PC,TR-416,Water,516
PC,TR-464,Street,1258
PC,TR-464,Courtyard,8
PC,TR-464,Field,1
PC,TR-464,Path,3
PC,TR-464,Orchard,0
PC,TR-464,Building,2930
PC,TR-464,Grass,959
PC,TR-473,Street,474
PC,TR-473,Courtyard,0
PC,TR-473,Building,1085
PC,TR-473,Grass,11
PC,TR-474,Street,31
PC,TR-474,Facility,8
PC,TR-474,Building,211
PC,TR-474,Grass,16
PC,TR-474,Water,20
PC,VI-289,Street,2175
PC,VI-289,Courtyard,79
PC,VI-289,Field,0
PC,VI-289,Path,5
PC,VI-289,Orchard,6
PC,VI-289,Building,4318
PC,VI-289,Grass,895
PC,VI-318,Street,391
PC,VI-318,Courtyard,243
PC,VI-318,Field,5
PC,VI-318,Facility,6
PC,VI-318,Path,2
PC,VI-318,Orchard,5
PC,VI-318,Building,1120
PC,VI-318,Grass,259
PC,VI-336,Street,3211
PC,VI-336,Courtyard,71
PC,VI-336,Field,1
PC,VI-336,Facility,46
PC,VI-336,Path,0
PC,VI-336,Building,4782
PC,VI-336,Grass,895
PC,VI-351,Street,710
PC,VI-351,Courtyard,7
PC,VI-351,Path,0
PC,VI-351,Building,1890
PC,VI-351,Grass,79
PC,VI-357,Street,1895
PC,VI-357,Courtyard,11
PC,VI-357,Path,17
PC,VI-357,Orchard,0
PC,VI-357,Building,3534
PC,VI-357,Grass,1084
PC,VI-377,Street,27674
PC,VI-377,Courtyard,4816
PC,VI-377,Forest,14
PC,VI-377,Schrubs,450
PC,VI-377,Field,133
PC,VI-377,Facility,75
PC,VI-377,Path,315
PC,VI-377,Orchard,338
PC,VI-377,Building,57780
PC,VI-377,Grass,23118
PC,VI-377,Water,98
PC,VI-617,Street,1670
PC,VI-617,Courtyard,31
PC,VI-617,Field,53
PC,VI-617,Park,10
PC,VI-617,Building,3364
PC,VI-617,Grass,310
PC,VI-657,Street,2970
PC,VI-657,Courtyard,1285
PC,VI-657,Forest,315
PC,VI-657,Schrubs,371
PC,VI-657,Field,108
PC,VI-657,Facility,0
PC,VI-657,Path,1
PC,VI-657,Orchard,5
PC,VI-657,Building,8699
PC,VI-657,Grass,3594
PC,VI-657,Water,2
PŽ,RD-468,Street,16084
PŽ,RD-468,Courtyard,126
PŽ,RD-468,Field,554
PŽ,RD-468,Facility,62
PŽ,RD-468,Path,11964
PŽ,RD-468,Orchard,66
PŽ,RD-468,Building,767
PŽ,RD-468,Grass,7040
PŽ,RD-478,Street,295
PŽ,RD-478,Field,0
PŽ,RD-478,Facility,17
PŽ,RD-478,Path,17
PŽ,RD-478,Building,264
PŽ,RD-478,Grass,110
PŽ,RD-478,Water,69
SB,RD-255,Street,7986
SB,RD-255,Courtyard,2773
SB,RD-255,Field,20
SB,RD-255,Facility,41
SB,RD-255,Park,12133
SB,RD-255,Path,1188
SB,RD-255,Orchard,16
SB,RD-255,Building,26767
SB,RD-255,Grass,25899
SB,TR-246,Street,245
SB,TR-246,Courtyard,1281
SB,TR-246,Schrubs,398
SB,TR-246,Park,4971
SB,TR-246,Path,1
SB,TR-246,Building,186
SB,TR-246,Grass,2331
SB,TR-256,Courtyard,1509
SB,TR-256,Field,1
SB,TR-256,Path,21
SB,TR-256,Building,863
SB,TR-256,Grass,1911
SB,TR-271,Street,280
SB,TR-271,Courtyard,470
SB,TR-271,Orchard,327
SB,TR-271,Building,2579
SB,TR-271,Grass,1445
SB,TR-483,Street,4049
SB,TR-483,Courtyard,9725
SB,TR-483,Schrubs,31
SB,TR-483,Field,246
SB,TR-483,Facility,4
SB,TR-483,Park,2996
SB,TR-483,Path,175
SB,TR-483,Building,12172
SB,TR-483,Grass,12744
SSce,TR-224,Street,112
SSce,TR-224,Courtyard,1892
SSce,TR-224,Field,1155
SSce,TR-224,Facility,0
SSce,TR-224,Orchard,1
SSce,TR-224,Building,2541
SSce,TR-224,Grass,2312
SSce,TR-229,Street,10
SSce,TR-229,Courtyard,296
SSce,TR-229,Field,69
SSce,TR-229,Orchard,3
SSce,TR-229,Building,541
SSce,TR-229,Grass,679
SSce,TR-237,Street,1078
SSce,TR-237,Courtyard,10204
SSce,TR-237,Field,6318
SSce,TR-237,Facility,47
SSce,TR-237,Orchard,4011
SSce,TR-237,Building,12312
SSce,TR-237,Grass,11385
SSce,TR-237,Water,13
SSce,TR-245,Courtyard,311
SSce,TR-245,Orchard,0
SSce,TR-245,Building,684
SSce,TR-245,Grass,601
SSce,TR-257,Street,468
SSce,TR-257,Courtyard,7229
SSce,TR-257,Field,3453
SSce,TR-257,Orchard,1383
SSce,TR-257,Building,10871
SSce,TR-257,Grass,8212
SSce,TR-257,Water,21
SSce,TR-258,Street,1991
SSce,TR-258,Courtyard,9736
SSce,TR-258,Schrubs,173
SSce,TR-258,Field,5626
SSce,TR-258,Facility,3
SSce,TR-258,Path,8
SSce,TR-258,Orchard,2701
SSce,TR-258,Building,16682
SSce,TR-258,Grass,9044
SSce,TR-259,Street,22
SSce,TR-259,Courtyard,786
SSce,TR-259,Field,108
SSce,TR-259,Building,2362
SSce,TR-259,Grass,1312
SSce,VI-276,Street,0
SSce,VI-276,Courtyard,839
SSce,VI-276,Field,323
SSce,VI-276,Park,23
SSce,VI-276,Orchard,407
SSce,VI-276,Building,705
SSce,VI-276,Grass,978
SSce,VI-290,Street,20
SSce,VI-290,Courtyard,291
SSce,VI-290,Field,13
SSce,VI-290,Building,638
SSce,VI-290,Grass,477
SSce,VI-293,Street,4
SSce,VI-293,Courtyard,366
SSce,VI-293,Building,458
SSce,VI-293,Grass,625
SSce,VI-306,Street,76
SSce,VI-306,Courtyard,1448
SSce,VI-306,Field,461
SSce,VI-306,Orchard,513
SSce,VI-306,Building,1720
SSce,VI-306,Grass,4239
SSce,VI-319,Street,27
SSce,VI-319,Courtyard,930
SSce,VI-319,Field,602
SSce,VI-319,Facility,18
SSce,VI-319,Orchard,153
SSce,VI-319,Building,847
SSce,VI-319,Grass,1187
SSce,VI-531,Street,406
SSce,VI-531,Courtyard,636
SSce,VI-531,Building,2755
SSce,VI-531,Grass,3860
SSce,VI-607,Street,308
SSce,VI-607,Courtyard,1875
SSce,VI-607,Field,573
SSce,VI-607,Facility,32
SSce,VI-607,Path,16
SSce,VI-607,Orchard,18
SSce,VI-607,Building,2517
SSce,VI-607,Grass,2936
SSce,VI-650,Street,118
SSce,VI-650,Courtyard,1674
SSce,VI-650,Building,1353
SSce,VI-650,Grass,2304
SScv,RD-322,Street,517
SScv,RD-322,Courtyard,802
SScv,RD-322,Forest,18604
SScv,RD-322,Field,602
SScv,RD-322,Facility,2
SScv,RD-322,Path,106
SScv,RD-322,Building,1325
SScv,RD-322,Grass,2270
SScv,RD-322,Water,37
SScv,TR-234,Street,112
SScv,TR-234,Courtyard,5832
SScv,TR-234,Field,406
SScv,TR-234,Path,135
SScv,TR-234,Orchard,20
SScv,TR-234,Building,7704
SScv,TR-234,Grass,8343
SScv,TR-239,Street,169
SScv,TR-239,Courtyard,1299
SScv,TR-239,Field,481
SScv,TR-239,Building,2941
SScv,TR-239,Grass,610
SScv,VI-275,Street,124
SScv,VI-275,Courtyard,2348
SScv,VI-275,Field,105
SScv,VI-275,Facility,0
SScv,VI-275,Path,2
SScv,VI-275,Building,1626
SScv,VI-275,Grass,2827
SScv,VI-327,Courtyard,1083
SScv,VI-327,Field,11
SScv,VI-327,Orchard,7
SScv,VI-327,Building,967
SScv,VI-327,Grass,995
SScv,VI-345,Street,276
SScv,VI-345,Courtyard,875
SScv,VI-345,Field,6
SScv,VI-345,Facility,5
SScv,VI-345,Park,387
SScv,VI-345,Path,11
SScv,VI-345,Orchard,12
SScv,VI-345,Building,2711
SScv,VI-345,Grass,2102
SScv,VI-376,Street,8797
SScv,VI-376,Courtyard,13625
SScv,VI-376,Schrubs,206
SScv,VI-376,Field,925
SScv,VI-376,Facility,21
SScv,VI-376,Park,1272
SScv,VI-376,Path,1734
SScv,VI-376,Building,21236
SScv,VI-376,Grass,24068
SScv,VI-646,Street,336
SScv,VI-646,Courtyard,1757
SScv,VI-646,Building,3356
SScv,VI-646,Grass,2783
SScv,VI-720,Street,39
SScv,VI-720,Courtyard,19
SScv,VI-720,Field,80
SScv,VI-720,Path,1
SScv,VI-720,Orchard,3
SScv,VI-720,Building,3064
SScv,VI-720,Grass,3057
SSse,RD-220,Street,1264
SSse,RD-220,Courtyard,4364
SSse,RD-220,Field,756
SSse,RD-220,Facility,3
SSse,RD-220,Path,97
SSse,RD-220,Orchard,417
SSse,RD-220,Building,8624
SSse,RD-220,Grass,7606
SSse,RD-319,Street,6519
SSse,RD-319,Courtyard,19226
SSse,RD-319,Field,7432
SSse,RD-319,Facility,24
SSse,RD-319,Path,585
SSse,RD-319,Orchard,4711
SSse,RD-319,Building,35920
SSse,RD-319,Grass,22749
SSse,RD-319,Water,59
SSse,RD-325,Street,1037
SSse,RD-325,Courtyard,5677
SSse,RD-325,Field,3677
SSse,RD-325,Facility,8
SSse,RD-325,Path,137
SSse,RD-325,Building,10173
SSse,RD-325,Grass,12085
SSse,RD-345,Street,429
SSse,RD-345,Courtyard,1897
SSse,RD-345,Field,1450
SSse,RD-345,Path,107
SSse,RD-345,Orchard,352
SSse,RD-345,Building,3544
SSse,RD-345,Grass,3442
SSse,RD-417,Street,1941
SSse,RD-417,Courtyard,3856
SSse,RD-417,Field,1409
SSse,RD-417,Facility,8
SSse,RD-417,Path,50
SSse,RD-417,Orchard,2248
SSse,RD-417,Building,8204
SSse,RD-417,Grass,6387
SSse,RD-417,Water,25
SSse,RD-420,Street,8352
SSse,RD-420,Courtyard,20928
SSse,RD-420,Schrubs,102
SSse,RD-420,Field,6071
SSse,RD-420,Facility,33
SSse,RD-420,Path,469
SSse,RD-420,Orchard,3169
SSse,RD-420,Building,42871
SSse,RD-420,Grass,35556
SSse,RD-420,Water,51
SSse,TR-235,Street,49
SSse,TR-235,Courtyard,1614
SSse,TR-235,Field,1235
SSse,TR-235,Facility,8
SSse,TR-235,Path,50
SSse,TR-235,Orchard,302
SSse,TR-235,Building,2380
SSse,TR-235,Grass,1621
SSse,TR-252,Street,116
SSse,TR-252,Courtyard,3706
SSse,TR-252,Field,2271
SSse,TR-252,Facility,19
SSse,TR-252,Orchard,3730
SSse,TR-252,Building,3325
SSse,TR-252,Grass,2541
SSse,TR-265,Street,2485
SSse,TR-265,Courtyard,13659
SSse,TR-265,Field,7330
SSse,TR-265,Path,14
SSse,TR-265,Orchard,4363
SSse,TR-265,Building,19465
SSse,TR-265,Grass,12138
SSse,TR-265,Water,34
SSse,TR-446,Street,310
SSse,TR-446,Courtyard,2465
SSse,TR-446,Field,2935
SSse,TR-446,Building,4450
SSse,TR-446,Grass,1283
SSse,TR-448,Street,1456
SSse,TR-448,Courtyard,4896
SSse,TR-448,Field,1959
SSse,TR-448,Facility,5
SSse,TR-448,Orchard,3464
SSse,TR-448,Building,8555
SSse,TR-448,Grass,4840
SSse,VI-633,Street,233
SSse,VI-633,Courtyard,2581
SSse,VI-633,Field,2233
SSse,VI-633,Facility,3
SSse,VI-633,Orchard,1366
SSse,VI-633,Building,3439
SSse,VI-633,Grass,1087
SSse,VI-703,Street,0
SSse,VI-703,Courtyard,74
SSse,VI-703,Path,13
SSse,VI-703,Orchard,580
SSse,VI-703,Building,196
SSse,VI-703,Grass,84
SSsv,RD-248,Street,433
SSsv,RD-248,Courtyard,5539
SSsv,RD-248,Field,401
SSsv,RD-248,Facility,29
SSsv,RD-248,Orchard,1228
SSsv,RD-248,Building,5906
SSsv,RD-248,Grass,10421
SSsv,RD-248,Water,69
SSsv,RD-261,Street,6721
SSsv,RD-261,Courtyard,13902
SSsv,RD-261,Field,2549
SSsv,RD-261,Facility,73
SSsv,RD-261,Park,1
SSsv,RD-261,Path,498
SSsv,RD-261,Orchard,842
SSsv,RD-261,Building,24297
SSsv,RD-261,Grass,27822
SSsv,RD-261,Water,123
SSsv,RD-320,Street,5
SSsv,RD-320,Courtyard,732
SSsv,RD-320,Park,235
SSsv,RD-320,Building,636
SSsv,RD-320,Grass,326
SSsv,RD-418,Street,7979
SSsv,RD-418,Courtyard,15436
SSsv,RD-418,Field,2807
SSsv,RD-418,Facility,24
SSsv,RD-418,Path,1
SSsv,RD-418,Orchard,5080
SSsv,RD-418,Building,26561
SSsv,RD-418,Grass,35366
SSsv,RD-418,Water,71
SSsv,RD-419,Street,167
SSsv,RD-419,Courtyard,373
SSsv,RD-419,Forest,9945
SSsv,RD-419,Schrubs,373
SSsv,RD-419,Field,43
SSsv,RD-419,Building,986
SSsv,RD-419,Grass,1261
SSsv,RD-454,Street,377
SSsv,RD-454,Courtyard,581
SSsv,RD-454,Building,384
SSsv,RD-454,Grass,1273
SSsv,RD-457,Street,32
SSsv,RD-457,Courtyard,853
SSsv,RD-457,Field,73
SSsv,RD-457,Path,14
SSsv,RD-457,Building,807
SSsv,RD-457,Grass,1140
SSsv,RD-560,Street,2331
SSsv,RD-560,Courtyard,8236
SSsv,RD-560,Forest,285
SSsv,RD-560,Schrubs,26
SSsv,RD-560,Field,611
SSsv,RD-560,Facility,25
SSsv,RD-560,Path,21
SSsv,RD-560,Orchard,1344
SSsv,RD-560,Building,13405
SSsv,RD-560,Grass,15474
SSsv,RD-560,Water,88
SSsv,TR-233,Courtyard,1919
SSsv,TR-233,Field,35
SSsv,TR-233,Building,1456
SSsv,TR-233,Grass,930
SSsv,TR-332,Street,7260
SSsv,TR-332,Courtyard,4728
SSsv,TR-332,Schrubs,136
SSsv,TR-332,Field,1182
SSsv,TR-332,Park,4161
SSsv,TR-332,Path,824
SSsv,TR-332,Orchard,1194
SSsv,TR-332,Building,28063
SSsv,TR-332,Grass,21706
SSsv,VI-340,Street,1015
SSsv,VI-340,Courtyard,3552
SSsv,VI-340,Field,60
SSsv,VI-340,Facility,107
SSsv,VI-340,Building,3478
SSsv,VI-340,Grass,2532
SSsv,VI-342,Street,217
SSsv,VI-342,Courtyard,1273
SSsv,VI-342,Field,1450
SSsv,VI-342,Facility,0
SSsv,VI-342,Path,90
SSsv,VI-342,Orchard,1583
SSsv,VI-342,Building,1958
SSsv,VI-342,Grass,1524
SSsv,VI-347,Street,29
SSsv,VI-347,Courtyard,813
SSsv,VI-347,Field,334
SSsv,VI-347,Facility,24
SSsv,VI-347,Orchard,338
SSsv,VI-347,Building,812
SSsv,VI-347,Grass,555
SSsv,VI-482,Street,142
SSsv,VI-482,Courtyard,4427
SSsv,VI-482,Field,391
SSsv,VI-482,Facility,28
SSsv,VI-482,Path,31
SSsv,VI-482,Orchard,1608
SSsv,VI-482,Building,4106
SSsv,VI-482,Grass,1621
SSsv,VI-504,Street,2104
SSsv,VI-504,Courtyard,3500
SSsv,VI-504,Field,981
SSsv,VI-504,Facility,277
SSsv,VI-504,Path,39
SSsv,VI-504,Orchard,4005
SSsv,VI-504,Building,6190
SSsv,VI-504,Grass,4544
SSsv,VI-505,Street,2354
SSsv,VI-505,Courtyard,3289
SSsv,VI-505,Field,714
SSsv,VI-505,Facility,115
SSsv,VI-505,Path,2
SSsv,VI-505,Orchard,497
SSsv,VI-505,Building,9758
SSsv,VI-505,Grass,2982
SSsv,VI-532,Street,5609
SSsv,VI-532,Courtyard,12499
SSsv,VI-532,Field,2124
SSsv,VI-532,Facility,58
SSsv,VI-532,Path,0
SSsv,VI-532,Orchard,4885
SSsv,VI-532,Building,23613
SSsv,VI-532,Grass,27592
SSsv,VI-670,Street,531
SSsv,VI-670,Courtyard,1760
SSsv,VI-670,Field,701
SSsv,VI-670,Building,834
SSsv,VI-670,Grass,4411
SSsv,VI-707,Street,2613
SSsv,VI-707,Courtyard,5652
SSsv,VI-707,Field,1995
SSsv,VI-707,Facility,188
SSsv,VI-707,Path,6
SSsv,VI-707,Orchard,5073
SSsv,VI-707,Building,8696
SSsv,VI-707,Grass,5353
SSsv,VI-707,Water,49
SSsv,VI-711,Street,1618
SSsv,VI-711,Courtyard,4241
SSsv,VI-711,Field,4
SSsv,VI-711,Facility,33
SSsv,VI-711,Path,54
SSsv,VI-711,Building,4063
SSsv,VI-711,Grass,1803
VC,RD-133,Street,181
VC,RD-133,Facility,60
VC,RD-133,Building,0
VC,RD-133,Water,506
VC,RD-327,Street,486
VC,RD-327,Facility,83
VC,RD-327,Path,2
VC,RD-327,Orchard,0
VC,RD-327,Building,0
VC,RD-327,Grass,1
VC,RD-327,Water,962
VC,RD-361,Street,952
VC,RD-361,Field,1
VC,RD-361,Facility,148
VC,RD-361,Building,1
VC,RD-361,Grass,9
VC,RD-361,Water,749
VC,RD-393,Street,1374
VC,RD-393,Facility,231
VC,RD-393,Building,21
VC,RD-393,Grass,240
VC,RD-393,Water,1375
VC,TR-263,Street,499
VC,TR-263,Facility,1201
VC,TR-263,Building,21
VC,TR-263,Water,1868
VC,TR-281,Street,1276
VC,TR-281,Facility,514
VC,TR-281,Building,100
VC,TR-281,Grass,27
VC,TR-281,Water,3246
VC,VI-296,Street,237
VC,VI-296,Facility,57
VC,VI-296,Building,3
VC,VI-296,Water,377
VC,VI-672,Street,138
VC,VI-672,Courtyard,0
VC,VI-672,Forest,750
VC,VI-672,Facility,79
VC,VI-672,Building,87
VC,VI-672,Grass,20
VC,VI-672,Water,1673
VC,VI-690,Street,347
VC,VI-690,Water,632
ZDd,RD-391,Street,170
ZDd,RD-391,Courtyard,454
ZDd,RD-391,Forest,4927
ZDd,RD-391,Path,1402
ZDd,RD-391,Building,421
ZDd,RD-391,Grass,1841
ZDd,RD-391,Water,35
ZDd,TR-261,Street,2804
ZDd,TR-261,Courtyard,783
ZDd,TR-261,Field,76
ZDd,TR-261,Facility,2
ZDd,TR-261,Orchard,0
ZDd,TR-261,Building,3025
ZDd,TR-261,Grass,4760
ZDd,TR-449,Street,3652
ZDd,TR-449,Courtyard,749
ZDd,TR-449,Field,126
ZDd,TR-449,Facility,1
ZDd,TR-449,Path,223
ZDd,TR-449,Orchard,2
ZDd,TR-449,Building,3904
ZDd,TR-449,Grass,3962
ZDd,TR-449,Water,8
ZDo,RD-28,Street,2
ZDo,RD-28,Field,146
ZDo,RD-28,Path,28
ZDo,RD-28,Building,143
ZDo,RD-28,Grass,1604
ZDo,RD-324,Street,16
ZDo,RD-324,Courtyard,2
ZDo,RD-324,Field,939
ZDo,RD-324,Facility,0
ZDo,RD-324,Path,30
ZDo,RD-324,Building,261
ZDo,RD-324,Grass,1472
ZDo,RD-392,Street,9
ZDo,RD-392,Courtyard,2
ZDo,RD-392,Path,275
ZDo,RD-392,Building,0
ZDo,RD-392,Grass,1037
ZDo,RD-547,Street,377
ZDo,RD-547,Forest,815
ZDo,RD-547,Path,1483
ZDo,RD-547,Building,0
ZDo,RD-547,Grass,2391
ZDo,RD-550,Street,201
ZDo,RD-550,Courtyard,8
ZDo,RD-550,Field,30
ZDo,RD-550,Orchard,39
ZDo,RD-550,Building,2
ZDo,RD-550,Grass,151
ZDo,RD-550,Water,7
ZDo,RD-552,Street,302
ZDo,RD-552,Courtyard,17
ZDo,RD-552,Field,97
ZDo,RD-552,Facility,1
ZDo,RD-552,Path,2
ZDo,RD-552,Building,13
ZDo,RD-552,Grass,101
ZDo,RD-553,Street,140
ZDo,RD-553,Courtyard,9
ZDo,RD-553,Field,29
ZDo,RD-553,Facility,0
ZDo,RD-553,Orchard,16
ZDo,RD-553,Building,6
ZDo,RD-553,Grass,55
ZDo,RD-553,Water,10
ZDo,RD-554,Street,167
ZDo,RD-554,Courtyard,2
ZDo,RD-554,Field,38
ZDo,RD-554,Facility,3
ZDo,RD-554,Building,12
ZDo,RD-554,Grass,58
ZDo,RD-554,Water,1
ZDo,VI-298,Street,287
ZDo,VI-298,Facility,0
ZDo,VI-298,Building,4
ZDo,VI-298,Grass,24
ZDo,VI-298,Water,5
ZDo,VI-303,Street,2630
ZDo,VI-303,Courtyard,17
ZDo,VI-303,Field,72
ZDo,VI-303,Facility,18
ZDo,VI-303,Park,0
ZDo,VI-303,Orchard,0
ZDo,VI-303,Building,134
ZDo,VI-303,Grass,2303
ZDo,VI-303,Water,116
ZDo,VI-608,Street,3075
ZDo,VI-608,Courtyard,150
ZDo,VI-608,Field,1147
ZDo,VI-608,Facility,326
ZDo,VI-608,Path,34
ZDo,VI-608,Building,27
ZDo,VI-608,Grass,2300
ZDo,VI-608,Water,11
ZDo,VI-691,Street,401
ZDo,VI-691,Courtyard,0
ZDo,VI-691,Field,0
ZDo,VI-691,Facility,4
ZDo,VI-691,Grass,68
ZDo,VI-691,Water,11
ZPp,RD-262,Street,31218
ZPp,RD-262,Courtyard,81
ZPp,RD-262,Field,2
ZPp,RD-262,Path,1
ZPp,RD-262,Building,36
ZPp,RD-262,Grass,265
ZPp,TR-200,Courtyard,5
ZPp,TR-200,Park,9
ZPp,TR-200,Building,1
ZPp,TR-200,Grass,513
ZPp,TR-328,Street,108
ZPp,TR-328,Courtyard,177
ZPp,TR-328,Forest,28420
ZPp,TR-328,Schrubs,302
ZPp,TR-328,Field,4838
ZPp,TR-328,Path,9
ZPp,TR-328,Building,456
ZPp,TR-328,Grass,2593
ZPp,VI-254,Street,272
ZPp,VI-254,Courtyard,46
ZPp,VI-254,Facility,77
ZPp,VI-254,Building,36
ZPp,VI-254,Grass,140
ZPp,VI-254,Water,10
ZPp,VI-324,Street,100
ZPp,VI-324,Courtyard,237
ZPp,VI-324,Schrubs,69
ZPp,VI-324,Field,148
ZPp,VI-324,Path,545
ZPp,VI-324,Building,3
ZPp,VI-324,Grass,2433
ZPp,VI-379,Street,3
ZPp,VI-379,Courtyard,1678
ZPp,VI-379,Path,82
ZPp,VI-379,Building,161
ZPp,VI-379,Grass,1275
ZPp,VI-414,Street,170
ZPp,VI-414,Courtyard,10
ZPp,VI-414,Facility,0
ZPp,VI-414,Grass,386
ZS,TR-329,Street,2411
ZS,TR-329,Courtyard,2155
ZS,TR-329,Forest,2496
ZS,TR-329,Schrubs,290
ZS,TR-329,Field,199
ZS,TR-329,Facility,897
ZS,TR-329,Park,18656
ZS,TR-329,Path,369
ZS,TR-329,Building,1762
ZS,TR-329,Grass,23286
